{"cameraMode":{"drawMode":0,"name":"Shaded","section":"Shading Mode"},"sceneLighting":false,"audioPlay":false,"sceneViewState":{"showFog":true,"showMaterialUpdate":false,"showSkybox":false,"showFlares":true,"showImageEffects":true,"showParticleSystems":true},"in2DMode":false,"pivot":{"x":0.574329674243927,"y":1.1566740274429322,"z":-0.4826928973197937},"rotation":{"x":0.19701777398586274,"y":-0.3638260066509247,"z":0.07984612137079239,"w":0.906891405582428},"size":1.2124974727630616,"orthographic":false}